file,genre,mood
/Music/Artur Rubinstein/Piano_ Greatest Hits/02 Waltz for piano No.  7 in C sharp minorxyzyx Op. 64_2xyzyx B. 164_2.m4a,2,0
/Music/Artur Rubinstein/Piano_ Greatest Hits/03 Concerto for piano & orchestra in A minorxyzyx Op 16_ Movement I.m4a,2,1
/Music/Artur Rubinstein/Piano_ Greatest Hits/05 Piano Sonata No. 14 in C sharp minor ('Moonlight')xyzyx Op. 27_2_ Movement I.m4a,2,0
/Music/Artur Rubinstein/Piano_ Greatest Hits/06 Piano Concerto No. 5 in E flat major ('Emperor')xyzyx Op. 73_ Movement I.m4a,2,1
/Music/Artur Rubinstein/Piano_ Greatest Hits/07 Rhapsody on a Theme of Paganini (Introduction and 24 Variations)xyzyx in A minor for piano & orchestraxyzyx Op. 43_ Variation 18.m4a,2,1
/Music/Artur Rubinstein/Piano_ Greatest Hits/08 Prelude in C-Sharp Minor.m4a,2,0
/Music/Artur Rubinstein/Piano_ Greatest Hits/09 Piano Concerto No. 21 in C major ('Elvira Madigan') K. 467_ Movement II.m4a,2,1
/Music/Artur Rubinstein/Piano_ Greatest Hits/10 Piano Sonata No. 8 in C minor ('Pathétique') Op. 13_ Movement II.m4a,2,0
/Music/Artur Rubinstein/Piano_ Greatest Hits/11 Piano Concerto No. 2 in C minorxyzyx Op. 18_ Movement II.m4a,2,1
/Music/Artur Rubinstein/Piano_ Greatest Hits/12 Waltz for piano No.  1 in E flat major ('Grande Valse Brillante') Op. 18xyzyx B. 62.m4a,2,1
/Music/Artur Rubinstein/Chopin_ Nocturnes/01 Nocturnesxyzyx Op. 9_ No. 1 in B-Flat Minor.m4a,2,0
/Music/Artur Rubinstein/Chopin_ Nocturnes/02 Nocturnesxyzyx Op. 9_ No. 2 in E-Flat Major. Andante.m4a,2,0
/Music/Artur Rubinstein/Chopin_ Nocturnes/03 Nocturnesxyzyx Op. 9_ No. 3 in B Major.m4a,2,0
/Music/Artur Rubinstein/Chopin_ Nocturnes/05 Nocturnesxyzyx Op. 15_ No. 2 in F-Sharp Major.m4a,2,0
/Music/Artur Rubinstein/Chopin_ Nocturnes/06 Nocturnesxyzyx Op. 15_ No. 3 in G Minor.m4a,2,0
/Music/Artur Rubinstein/Chopin_ Nocturnes/07 Nocturnesxyzyx Op. 27_ No. 1 in C-Sharp Minor 1.m4a,2,0
/Music/Artur Rubinstein/Chopin_ Nocturnes/08 Nocturnesxyzyx Op. 27_ No. 2 in D-Flat Major.m4a,2,0
/Music/Artur Rubinstein/Chopin_ Nocturnes/09 Nocturnesxyzyx Op. 32_ No. 1 in B Major.m4a,2,0
/Music/Artur Rubinstein/Chopin_ Nocturnes/10 Nocturnesxyzyx Op. 32_ No. 2 in A-Flat.m4a,2,0
/Music/Artur Rubinstein/Chopin_ Nocturnes/11 Nocturnesxyzyx Op. 37_ No. 1 in G Minor.m4a,2,0
/Music/Artur Rubinstein/Chopin_ Nocturnes/12 Nocturnesxyzyx Op. 37_ No. 2 in G Major.m4a,2,0
/Music/Artur Rubinstein/Chopin_ Nocturnes/13 Nocturnesxyzyx Op. 48_ No. 1 in C Minor.m4a,2,0
/Music/Artur Rubinstein/Chopin_ Nocturnes/14 Nocturnesxyzyx Op. 48_ No. 2 in F-Sharp Minor.m4a,2,0
/Music/Artur Rubinstein/Chopin_ Nocturnes/15 Nocturnesxyzyx Op. 55_ No. 1 in F Minor.m4a,2,0
/Music/Artur Rubinstein/Chopin_ Nocturnes/16 Nocturnesxyzyx Op. 55_ No. 2 in E-flat.m4a,2,0
/Music/Artur Rubinstein/Chopin_ Nocturnes/17 Nocturnesxyzyx Op. 62_ No. 1 in B.m4a,2,0
/Music/Artur Rubinstein/Chopin_ Nocturnes/18 Nocturnesxyzyx Op. 62_ No. 2 in E.m4a,2,0
/Music/Artur Rubinstein/Chopin_ Nocturnes/19 Nocturne No. 19 in E Minorxyzyx Op. 72 xyzyx No. 1.m4a,2,0
/Music/Artur Rubinstein/Highlights from the Rubinstein Collection/01 Chopin_ Nocturne No. 4 in F majorxyzyx Op. 15 No. 1.m4a,2,1
/Music/Artur Rubinstein/Highlights from the Rubinstein Collection/02 Waldszenen (Forest Scenes)xyzyx for pianoxyzyx Op. 82_ No. 7xyzyx  Vogel als Prophet.m4a,2,0
/Music/Artur Rubinstein/Highlights from the Rubinstein Collection/03 Piano Trio in B flat majorxyzyx D. 898 (Op. 99)_ Rondo_ Allegro vivace.m4a,2,1
/Music/Artur Rubinstein/Highlights from the Rubinstein Collection/04 Piano Concerto No. 1 in D minorxyzyx Op. 15_ Rondo_ Allegro no troppo.m4a,2,1
/Music/Artur Rubinstein/Highlights from the Rubinstein Collection/05 Danzas españolas (12) for pianoxyzyx Op.37xyzyx H142_ No. 5xyzyx  Andaluza.m4a,2,1
/Music/Artur Rubinstein/Highlights from the Rubinstein Collection/06 Piano Concerto No. 4 in G majorxyzyx Op. 58_ Rondo.m4a,2,1
/Music/Artur Rubinstein/Highlights from the Rubinstein Collection/08 Piano Quintet in E flat majorxyzyx Op. 44_ Allegro na no troppo.m4a,2,1
/Music/Artur Rubinstein/Highlights from the Rubinstein Collection/09 La plus que lentexyzyx waltz for piano (or orchestra)xyzyx L. 121.m4a,2,0
/Music/Artur Rubinstein/Highlights from the Rubinstein Collection/11 Polonaise for piano No. 6 in A flat major ('Héroique') Op. 53xyzyx B. 147.m4a,2,1
/Music/Artur Rubinstein/Artur Rubinstein - Great Pianists Disc 1/01 Andante spianatoxyzyx Op. 22.m4a,2,0
/Music/Artur Rubinstein/Artur Rubinstein - Great Pianists Disc 1/02 Andante spianato and grand polonaise for piano & orchestra (or solo piano) in E flat majorxyzyx Op. 22xyzyx B. 58_ Polonaise_ Allegro molto -.m4a,2,1
/Music/Artur Rubinstein/Artur Rubinstein - Great Pianists Disc 1/03 Nocturne for piano No. 13 in C minorxyzyx Op. 48_1xyzyx B. 142_1.m4a,2,0
/Music/Artur Rubinstein/Artur Rubinstein - Great Pianists Disc 1/04 Nocturne for piano No. 14 in F sharp minorxyzyx Op. 48_2xyzyx B. 142_2.m4a,2,0
/Music/Artur Rubinstein/Artur Rubinstein - Great Pianists Disc 1/05 Polonaise for piano No.  3 in A major ('Les favorites 3' _ 'Military') Op. 40_1xyzyx B. 120.m4a,2,1
/Music/Artur Rubinstein/Artur Rubinstein - Great Pianists Disc 1/06 Waltz for piano No.  7 in C sharp minorxyzyx Op. 64_2xyzyx B. 164_2.m4a,2,0
/Music/Artur Rubinstein/Artur Rubinstein - Great Pianists Disc 1/07 Nocturne for piano No.  7 in C sharp minor ('Les plaintives 1') Op. 27_1xyzyx B. 91.m4a,2,0
/Music/Artur Rubinstein/Artur Rubinstein - Great Pianists Disc 1/08 Waltz for piano No.  6 in D flat major ('Minute' _ 'Dog Waltz') Op. 64_1xyzyx B. 164_1.m4a,2,0
/Music/Artur Rubinstein/Artur Rubinstein - Great Pianists Disc 1/10 Impromptu for piano No. 1 in A flat majorxyzyx Op. 29xyzyx B. 110.m4a,2,0
/Music/Artur Rubinstein/Artur Rubinstein - Great Pianists Disc 1/11 Impromptu for piano No. 2 in F sharp majorxyzyx Op. 36xyzyx B. 129.m4a,2,1
/Music/Artur Rubinstein/Artur Rubinstein - Great Pianists Disc 1/12 Impromptu for piano No. 3 in G flat majorxyzyx Op. 51xyzyx B. 149.m4a,2,0
/Music/Artur Rubinstein/Artur Rubinstein - Great Pianists Disc 1/13 Scherzo for piano No. 3 in C sharp minorxyzyx Op. 39xyzyx B. 125.m4a,2,1
/Music/Artur Rubinstein/Artur Rubinstein - Great Pianists Disc 1/14 Scherzo for piano No. 3 in C sharp minorxyzyx Op. 39xyzyx B. 125.m4a,2,1
/Music/Artur Rubinstein/Artur Rubinstein - Great Pianists Disc 2/01 Ballade No. 3 In A Flatxyzyx Op. 47.m4a,2,0
/Music/Artur Rubinstein/Artur Rubinstein - Great Pianists Disc 2/02 Trois nouvelles etudesxyzyx Op. posth. 1. in F minor.m4a,2,0
/Music/Artur Rubinstein/Artur Rubinstein - Great Pianists Disc 2/05 Fantaisie-Impromptu in C sharp minorxyzyx Op. 66.m4a,2,1
/Music/Artur Rubinstein/Artur Rubinstein - Great Pianists Disc 2/06 Waltz in A flatxyzyx Op. 34 no.1.m4a,2,1
/Music/Artur Rubinstein/Artur Rubinstein - Great Pianists Disc 2/07 Waltz in A flatxyzyx Op. 42 _Two-Four-Waltz_.m4a,2,1
/Music/Artur Rubinstein/Artur Rubinstein - Great Pianists Disc 2/12 Piano Sonata No. 2 in B flat minorxyzyx Op. 35 _Funeral March_ 1. Grave - Doppio movimento.m4a,2,1
/Music/Artur Rubinstein/Artur Rubinstein - Great Pianists Disc 2/13 Piano Sonata No. 2 in B flat minorxyzyx Op. 35 _Funeral March__ 2. Scherzo.m4a,2,1
/Music/Artur Rubinstein/Artur Rubinstein - Great Pianists Disc 2/14 Piano Sonata No. 2 in B flat minorxyzyx Op. 35xyzyx III. Marche funebre. Lento.m4a,2,0
/Music/Artur Rubinstein/Artur Rubinstein - Great Pianists Disc 2/16 Ballade No. 4 in F minorxyzyx Op. 52.m4a,2,0
/Music/Artur Rubinstein/Artur Rubinstein - Great Pianists Disc 2/17 Polonaise No. 6 in A flat _Heroic_.m4a,2,1
/Music/Evgeny Kissin/Beethoven_ Moonlight Sonata; Franck_ Préludexyzyx Choral et Fugue; Brahms_ Paganini variations/01 Sonata Op. 27 No. 2 'Moonlight' in C Sharp_ Adagio sostenuto.m4a,2,0
/Music/Evgeny Kissin/Beethoven_ Moonlight Sonata; Franck_ Préludexyzyx Choral et Fugue; Brahms_ Paganini variations/02 Sonata Op. 27 No. 2 'Moonlight' in C Sharp_ Allegretto.m4a,2,0
/Music/Evgeny Kissin/Beethoven_ Moonlight Sonata; Franck_ Préludexyzyx Choral et Fugue; Brahms_ Paganini variations/03 Sonata Op. 27 No. 2 'Moonlight' in C Sharp_ Presto agitato.m4a,2,1
/Music/Evgeny Kissin/Beethoven_ Moonlight Sonata; Franck_ Préludexyzyx Choral et Fugue; Brahms_ Paganini variations/04 Preludexyzyx choral et fugue_ Prelude.m4a,2,1
/Music/Evgeny Kissin/Beethoven_ Moonlight Sonata; Franck_ Préludexyzyx Choral et Fugue; Brahms_ Paganini variations/05 Preludexyzyx choral et fugue_ Choral.m4a,2,0
/Music/Evgeny Kissin/Beethoven_ Moonlight Sonata; Franck_ Préludexyzyx Choral et Fugue; Brahms_ Paganini variations/06 Preludexyzyx choral et fugue_ Fugue.m4a,2,1
/Music/Evgeny Kissin/Schumann_ Carnavalxyzyx Op. 9; Sonata No. 1xyzyx Op. 11/01 Piano Sonata No. 1 in F-Sharp Minorxyzyx Op. 11_ I. Introduzione. Un poco Adagio - Allegro Vivace.m4a,2,1
/Music/Evgeny Kissin/Schumann_ Carnavalxyzyx Op. 9; Sonata No. 1xyzyx Op. 11/02 Piano Sonata No. 1 in F-Sharp Minorxyzyx Op. 11_ II. Aria. Senza passionexyzyx ma espressivo.m4a,2,0
/Music/Evgeny Kissin/Schumann_ Carnavalxyzyx Op. 9; Sonata No. 1xyzyx Op. 11/03 Piano Sonata No. 1 in F-Sharp Minorxyzyx Op. 11_ III. Scherzo. Allegrissimo - Intermezzo. Lento.m4a,2,1
/Music/Evgeny Kissin/Schumann_ Carnavalxyzyx Op. 9; Sonata No. 1xyzyx Op. 11/04 Piano Sonata No. 1 in F-Sharp Minorxyzyx Op. 11_ IV. Finale. Allegro un poco maestoso.m4a,2,1
/Music/Evgeny Kissin/Evgeny Kissin_ Greatest Pianists Disc 1/01 Hungarian Rhapsody.m4a,2,1
/Music/Evgeny Kissin/Evgeny Kissin_ Greatest Pianists Disc 1/03 Gretchen am Spinnrade (I & II)xyzyx transcription for piano (after Schubertxyzyx D. 118)xyzyx S. 558_8 & S. 558bis_8 (LW A42_8)_ Gretchen am Spin.m4a,2,0
/Music/Evgeny Kissin/Evgeny Kissin_ Greatest Pianists Disc 1/04 Auf dem Wasser zu singenxyzyx transcription for piano (after Schubert)xyzyx S. 558_2 (LW A42_2).m4a,2,1
/Music/Evgeny Kissin/Evgeny Kissin_ Greatest Pianists Disc 1/05 Melodien von Franz Schubert (6)xyzyx transcriptions for piano (after von Weyrauch & Schubert)xyzyx S. 563 (LW A109)_ Die Forelle.m4a,2,1
/Music/Evgeny Kissin/Evgeny Kissin_ Greatest Pianists Disc 1/06 Soirées de Viennexyzyx valse caprice for piano No. 6 (3 versions; after Schubert D. 969 & 779) S. 427_6 (LW A131_6)_ Valse-Caprice No 6.m4a,2,1
/Music/Evgeny Kissin/Evgeny Kissin_ Greatest Pianists Disc 1/07 Marche Militaire (after Schubert's D 733_1) for piano.m4a,2,1
/Music/Evgeny Kissin/Evgeny Kissin_ Greatest Pianists Disc 1/08 Rhapsodie espagnole (Folies d'Espagne et jota aragonesa)xyzyx for pianoxyzyx S. 254 (LW A195).m4a,2,1
/Music/Evgeny Kissin/Evgeny Kissin_ Greatest Pianists Disc 1/09 Études d'exécution transcendante (12 Transcendental Etudes)xyzyx for pianoxyzyx S. 139 (LW A172)_ No. 10 in F minor.m4a,2,1
/Music/Evgeny Kissin/Evgeny Kissin_ Greatest Pianists Disc 1/10 Études d'exécution transcendante (12 Transcendental Etudes)xyzyx for pianoxyzyx S. 139 (LW A172)_ No. 11 Harmonies du soir.m4a,2,0
/Music/Evgeny Kissin/Evgeny Kissin_ Greatest Pianists Disc 1/11 Études d'exécution transcendante (12 Transcendental Etudes)xyzyx for pianoxyzyx S. 139 (LW A172)_ No. 12 Chasse-neige.m4a,2,1
/Music/Evgeny Kissin/Evgeny Kissin_ Greatest Pianists Disc 2/01 Piano Sonata No. 6 in A major ('War Sonata 1')xyzyx Op. 82_ Allegro moderato.m4a,2,1
/Music/Evgeny Kissin/Evgeny Kissin_ Greatest Pianists Disc 2/02 Piano Sonata No. 6 in A major ('War Sonata 1')xyzyx Op. 82_ Allegretto.m4a,2,1
/Music/Evgeny Kissin/Evgeny Kissin_ Greatest Pianists Disc 2/03 Piano Sonata No. 6 in A major ('War Sonata 1')xyzyx Op. 82_ Tempo di valzer lentissimo.m4a,2,1
/Music/Evgeny Kissin/Evgeny Kissin_ Greatest Pianists Disc 2/04 Piano Sonata No. 6 in A major ('War Sonata 1')xyzyx Op. 82_ Vivace.m4a,2,1
/Music/Evgeny Kissin/Evgeny Kissin_ Greatest Pianists Disc 2/05 Overture on Hebrew Themesxyzyx for clarinetxyzyx string quartetxyzyx & pianoxyzyx Op. 34.m4a,2,1
/Music/Evgeny Kissin/Evgeny Kissin_ Greatest Pianists Disc 2/10 Piano Concerto No. 3 in C majorxyzyx Op. 26_ Andante - Allegro.m4a,2,1
/Music/Evgeny Kissin/Evgeny Kissin_ Greatest Pianists Disc 2/12 Piano Concerto No. 3 in C majorxyzyx Op. 26_ Allegroxyzyx Ma Non Troppo.m4a,2,1
/Music/Evgeny Kissin/Evgeny Kissin_ Greatest Pianists Disc 2/13 Etudes (4) for pianoxyzyx Op. 2_ No. 03 in C minor.m4a,2,1
/Music/Count Basie & Oscar Peterson/_Satch_ And _Josh_/01 Buns Blues.m4a,0,2
/Music/Count Basie & Oscar Peterson/_Satch_ And _Josh_/02 These Foolish Things (Remind Me Of You).m4a,0,0
/Music/Count Basie & Oscar Peterson/_Satch_ And _Josh_/03 R B.m4a,0,0
/Music/Count Basie & Oscar Peterson/_Satch_ And _Josh_/04 Burning.m4a,0,2
/Music/Count Basie & Oscar Peterson/_Satch_ And _Josh_/05 Exactly Like You.m4a,0,2
/Music/Count Basie & Oscar Peterson/_Satch_ And _Josh_/06 Jumpin' At The Woodside.m4a,0,2
/Music/Count Basie & Oscar Peterson/_Satch_ And _Josh_/07 Louie B..m4a,0,2
/Music/Count Basie & Oscar Peterson/_Satch_ And _Josh_/08 Lester Leaps In.m4a,0,2
/Music/Count Basie & Oscar Peterson/_Satch_ And _Josh_/09 Big Stockings.m4a,0,2
/Music/Count Basie & Oscar Peterson/_Satch_ And _Josh_/10 S & J Blues.m4a,0,0
/Music/Emil Gilels/The Unreleased Recitals at the Concertgebouw CD1/1-01 Beethoven_ Sonata No. 25 in G Majorxyzyx Op.79_ I. Presto alla tedesca.aif,2,1
/Music/Emil Gilels/The Unreleased Recitals at the Concertgebouw CD1/1-02 Beethoven_ Sonata No. 25 in G Majorxyzyx Op.79_ II. Andante.aif,2,0
/Music/Emil Gilels/The Unreleased Recitals at the Concertgebouw CD1/1-03 Beethoven_ Sonata No. 25 in G Majorxyzyx Op.79_ III. Vivace.aif,2,1
/Music/Emil Gilels/The Unreleased Recitals at the Concertgebouw CD1/1-05 Beethoven_ Sonata No. 26 in E-flat Major _Les Adieux_xyzyx Op. 81a_ II. Abwesenheit.aif,2,0
/Music/Emil Gilels/The Unreleased Recitals at the Concertgebouw CD1/1-06 Beethoven_ Sonata No. 26 in E-flat Major _Les Adieux_xyzyx Op. 81a_ III. Das Wiedersehen.aif,2,1
/Music/Emil Gilels/The Unreleased Recitals at the Concertgebouw CD1/1-07 Beethoven_ Sonata No. 27 in E Minorxyzyx Op. 90_ I. Mit Lebhaftigkeit und durchaus mit Empfindung und Ausdruck.aif,2,1
/Music/Emil Gilels/The Unreleased Recitals at the Concertgebouw CD1/1-08 Beethoven_ Sonata No. 27 in E Minorxyzyx Op. 90_ II. Nicht zu geschwind und sehr singbar vorgetragen.aif,2,0
/Music/Emil Gilels/The Unreleased Recitals at the Concertgebouw CD1/1-11 Brahms_ Ballade No. 3 in B Minor _Intermezzo_xyzyx Op. 10.aif,2,1
/Music/Emil Gilels/The Unreleased Recitals at the Concertgebouw CD1/1-12 Brahms_ Ballade No. 4 in B Majorxyzyx Op. 10.aif,2,0
/Music/Emil Gilels/The Unreleased Recitals at the Concertgebouw CD1/1-13 Schumann_ Arabesquexyzyx Op. 18.aif,2,0
/Music/Emil Gilels/The Unreleased Recitals at the Concertgebouw CD1/1-14 Prokofiev_ Preludexyzyx Op. 12xyzyx No. 7.aif,2,1
/Music/Emil Gilels/The Unreleased Recitals at the Concertgebouw CD2/2-01 Brahms_ Fantasienxyzyx Op. 116_ I. Capriccio in D minor.aif,2,1
/Music/Emil Gilels/The Unreleased Recitals at the Concertgebouw CD2/2-02 Brahms_ Fantasienxyzyx Op. 116_ II. Intermezzo in A minor.aif,2,0
/Music/Emil Gilels/The Unreleased Recitals at the Concertgebouw CD2/2-03 Brahms_ Fantasienxyzyx Op. 116_ III. Capriccio in G minor.aif,2,1
/Music/Emil Gilels/The Unreleased Recitals at the Concertgebouw CD2/2-04 Brahms_ Fantasienxyzyx Op. 116_ IV. Intermezzo in E major.aif,2,0
/Music/Emil Gilels/The Unreleased Recitals at the Concertgebouw CD2/2-05 Brahms_ Fantasienxyzyx Op. 116_ V. Intermezzo in E minor.aif,2,0
/Music/Emil Gilels/The Unreleased Recitals at the Concertgebouw CD2/2-06 Brahms_ Fantasienxyzyx Op. 116_ VI. Intermezzo in E major.aif,2,0
/Music/Emil Gilels/The Unreleased Recitals at the Concertgebouw CD2/2-07 Brahms_ Fantasienxyzyx Op. 116_ VII. Capriccio in D minor.aif,2,1
/Music/Emil Gilels/The Unreleased Recitals at the Concertgebouw CD2/2-16 Prokofiev_ Sonata No. 3 in A Minorxyzyx Op. 28.aif,2,1
/Music/Emil Gilels/The Unreleased Recitals at the Concertgebouw CD2/2-17 Liszt_ Sonata in B Minorxyzyx S.178.aif,2,1
/Music/Emil Gilels/The Unreleased Recitals at the Concertgebouw CD2/2-18 Schumann_ Arabesquexyzyx Op. 18.aif,2,0
/Music/Emil Gilels/The Unreleased Recitals at the Concertgebouw CD3/3-01 Beethoven_ Sonata No. 12 in A-flat Majorxyzyx Op. 26_ I. Andante con variazioni.aif,2,0
/Music/Emil Gilels/The Unreleased Recitals at the Concertgebouw CD3/3-02 Beethoven_ Sonata No. 12 in A-flat Majorxyzyx Op. 26_ II. Scherzo_ Allegro molto.aif,2,1
/Music/Emil Gilels/The Unreleased Recitals at the Concertgebouw CD3/3-03 Beethoven_ Sonata No. 12 in A-flat Majorxyzyx Op. 26_ III. Marcia funebre sulla morte d_un Eroe.aif,2,1
/Music/Emil Gilels/The Unreleased Recitals at the Concertgebouw CD3/3-04 Beethoven_ Sonata No. 12 in A-flat Majorxyzyx Op. 26_ IV. Allegro.aif,2,1
/Music/Emil Gilels/The Unreleased Recitals at the Concertgebouw CD3/3-14 Prokofiev_ Préludexyzyx Op. 12xyzyx No. 7.aif,2,1
/Music/Emil Gilels/The Unreleased Recitals at the Concertgebouw CD3/3-15 Chopin_ Polonaise in C Minorxyzyx Op. 40xyzyx No. 2.aif,2,1
/Music/Emil Gilels/The Unreleased Recitals at the Concertgebouw CD3/3-16 Chopin_ Sonata No. 3 in B Minorxyzyx Op. 58_ I. Allegro maestoso.aif,2,1
/Music/Emil Gilels/The Unreleased Recitals at the Concertgebouw CD3/3-17 Chopin_ Sonata No. 3 in B Minorxyzyx Op. 58_ II. Scherzo_ Molto vivace.aif,2,1
/Music/Emil Gilels/The Unreleased Recitals at the Concertgebouw CD3/3-18 Chopin_ Sonata No. 3 in B Minorxyzyx Op. 58_ III. Largo.aif,2,0
/Music/Emil Gilels/The Unreleased Recitals at the Concertgebouw CD3/3-19 Chopin_ Sonata No. 3 in B Minorxyzyx Op. 58_ IV. Finale_ Presto ma non tanto.aif,2,1
/Music/Emil Gilels/The Unreleased Recitals at the Concertgebouw CD3/3-20 Chopin_ Nouvelle Étude in A-flat Majorxyzyx No.2.aif,2,1
/Music/Emil Gilels/The Unreleased Recitals at the Concertgebouw CD3/3-21 Chopin Polonaise Op.53 Gilels 29Mar1978 Master Digital 12Jan18.aif,2,1
/Music/Emil Gilels/The Unreleased Recitals at the Concertgebouw CD4/4-01 Mozart_ Piano Sonata No. 15 in F Majorxyzyx K. 533_494_ I. Allegro.aif,2,1
/Music/Emil Gilels/The Unreleased Recitals at the Concertgebouw CD4/4-02 Mozart_ Piano Sonata No. 15 in F Majorxyzyx K. 533_494_ II. Andante.aif,2,0
/Music/Emil Gilels/The Unreleased Recitals at the Concertgebouw CD4/4-03 Mozart_ Piano Sonata No. 15 in F Majorxyzyx K. 533_494_ III. Rondo_ Allegretto.aif,2,0
/Music/Emil Gilels/The Unreleased Recitals at the Concertgebouw CD4/4-04 Mozart_ Fantasia in D Minorxyzyx K. 397.aif,2,0
/Music/Emil Gilels/The Unreleased Recitals at the Concertgebouw CD4/4-05 Mozart_ Variations on _Salve tu Domine_ by Paisielloxyzyx K. 398.aif,2,1
/Music/Emil Gilels/The Unreleased Recitals at the Concertgebouw CD4/4-06 Scriabin_ Étude in F-sharp Minorxyzyx Op. 8xyzyx No. 2.aif,2,1
/Music/Emil Gilels/The Unreleased Recitals at the Concertgebouw CD4/4-07 Scriabin_ Étude in C-sharp Minorxyzyx Op. 2xyzyx No. 1.aif,2,0
/Music/Emil Gilels/The Unreleased Recitals at the Concertgebouw CD4/4-13 Ravel_ Pavane pour une infante défunte.aif,2,0
/Music/Emil Gilels/The Unreleased Recitals at the Concertgebouw CD4/4-14 Ravel_ Jeux d_eau.aif,2,1
/Music/Emil Gilels/The Unreleased Recitals at the Concertgebouw CD4/4-15 Ravel_ Alborada del gracioso from _Miroirs_.aif,2,1
/Music/Emil Gilels/The Unreleased Recitals at the Concertgebouw CD4/4-16 Bach_Siloti_ Prelude in B Minorxyzyx BWV 855A.aif,2,0
/Music/Emil Gilels/The Unreleased Recitals at the Concertgebouw CD5/5-01 Beethoven_ Sonata No. 7 in D Majorxyzyx Op. 10 No. 3_ I. Presto.aif,2,1
/Music/Emil Gilels/The Unreleased Recitals at the Concertgebouw CD5/5-02 Beethoven_ Sonata No. 7 in D Majorxyzyx Op. 10 No. 3_ II. Largo e mesto.aif,2,0
/Music/Emil Gilels/The Unreleased Recitals at the Concertgebouw CD5/5-03 Beethoven_ Sonata No. 7 in D Majorxyzyx Op. 10 No. 3_ III. Menuetto_ Allegro.aif,2,1
/Music/Emil Gilels/The Unreleased Recitals at the Concertgebouw CD5/5-04 Beethoven_ Sonata No. 7 in D Majorxyzyx Op. 10 No. 3_ IV. Rondo_ Allegro.aif,2,0
/Music/Emil Gilels/The Unreleased Recitals at the Concertgebouw CD5/5-05 Beethoven_ Variations and Fugue in E-flat Major _Eroica_xyzyx Op. 35_ Introduzione.aif,2,0
/Music/Emil Gilels/The Unreleased Recitals at the Concertgebouw CD5/5-21 Beethoven_ Variations and Fugue in E-flat Major _Eroica_xyzyx Op. 35_ Variation No. 15 Maggiore.aif,2,0
/Music/Emil Gilels/The Unreleased Recitals at the Concertgebouw CD5/5-23 Beethoven_ Variations and Fugue in E-flat Major _Eroica_xyzyx Op. 35_ Finale_ Alla fuga.aif,2,1
/Music/Emil Gilels/The Unreleased Recitals at the Concertgebouw CD5/5-24 Beethoven_ Sonata No. 8 in C Minor _Pathétique_xyzyx Op. 13_ I. Grave – Allegro di molto e con brio.aif,2,1
/Music/Arne Domnérusxyzyx Gustaf Sjökvist/Antiphone Blues/01 Träumerei.m4a,0,0
/Music/Arne Domnérusxyzyx Gustaf Sjökvist/Antiphone Blues/02 Sometimes I Feel Like a Motherless Child.m4a,0,0
/Music/Arne Domnérusxyzyx Gustaf Sjökvist/Antiphone Blues/03 Nobody Knows the Trouble I've Seen.m4a,0,0
/Music/Arne Domnérusxyzyx Gustaf Sjökvist/Antiphone Blues/04 Antiphone Blues.m4a,0,0
/Music/Arne Domnérusxyzyx Gustaf Sjökvist/Antiphone Blues/05 Jag Vet en Dejig Rosa.m4a,0,0
/Music/Arne Domnérusxyzyx Gustaf Sjökvist/Antiphone Blues/06 Entonigt Klingar Den Lilla Klockan.m4a,0,0
/Music/Arne Domnérusxyzyx Gustaf Sjökvist/Antiphone Blues/07 Heaven.m4a,0,0
/Music/Arne Domnérusxyzyx Gustaf Sjökvist/Antiphone Blues/08 Come Sunday.m4a,0,0
/Music/Arne Domnérusxyzyx Gustaf Sjökvist/Antiphone Blues/09 Den Signade Dag.m4a,0,0
/Music/Arne Domnérusxyzyx Gustaf Sjökvist/Antiphone Blues/10 Almighty God.m4a,0,0
/Music/Arne Domnérusxyzyx Gustaf Sjökvist/Antiphone Blues/11 Largo.m4a,0,0
/Music/Arne Domnérusxyzyx Gustaf Sjökvist/Antiphone Blues/12 The Shepard.m4a,0,0
/Music/Arne Domnérusxyzyx Gustaf Sjökvist/Antiphone Blues/13 Hymn to Freedom.m4a,0,0
/Music/Arne Domnérusxyzyx Gustaf Sjökvist/Antiphone Blues/14 Dedication.m4a,0,0
/Music/Arne Domnérusxyzyx Gustaf Sjökvist/Antiphone Blues/15 Tonight I Shall Sleep.m4a,0,0
/Music/Compilations/Mostly Piano (Audiophile Edition SEA)/1-01 Fire and Rain (Mostly Piano).m4a,0,0
/Music/Compilations/Mostly Piano (Audiophile Edition SEA)/1-02 Little Brother (Mostly Piano).m4a,0,0
/Music/Compilations/Mostly Piano (Audiophile Edition SEA)/1-03 Finding The Way Out (Mostly Piano).m4a,0,0
/Music/Compilations/Mostly Piano (Audiophile Edition SEA)/1-04 We Kiss In A Shadow (Mostly Piano).m4a,0,0
/Music/Compilations/Mostly Piano (Audiophile Edition SEA)/1-05 Mother (Mostly Piano).m4a,0,0
/Music/Compilations/Mostly Piano (Audiophile Edition SEA)/1-06 La baie du Murlough (Mostly Piano).m4a,0,0
/Music/Compilations/Mostly Piano (Audiophile Edition SEA)/1-07 The Solo Tango (Mostly Piano).m4a,0,0
/Music/Compilations/Mostly Piano (Audiophile Edition SEA)/1-08 Still (Mostly Piano).m4a,0,0
/Music/Compilations/Mostly Piano (Audiophile Edition SEA)/1-09 You Are My Sunshine (Mostly Piano).m4a,0,0
/Music/Compilations/Mostly Piano (Audiophile Edition SEA)/1-10 Ashokan Farewell (Mostly Piano).m4a,0,0
/Music/Compilations/Mostly Piano (Audiophile Edition SEA)/1-11 Improv (Mostly Piano).m4a,0,0
/Music/Ray Brown/Ray Brownxyzyx Monty Alexander & Russell Malone/01 Django.m4a,0,1
/Music/Ray Brown/Ray Brownxyzyx Monty Alexander & Russell Malone/02 Fly Me to the Moon.m4a,0,1
/Music/Ray Brown/Ray Brownxyzyx Monty Alexander & Russell Malone/03 Blues for Junior.m4a,0,1
/Music/Ray Brown/Ray Brownxyzyx Monty Alexander & Russell Malone/04 Honeysuckle Rose.m4a,0,1
/Music/Ray Brown/Ray Brownxyzyx Monty Alexander & Russell Malone/05 Compassion.m4a,0,1
/Music/Ray Brown/Ray Brownxyzyx Monty Alexander & Russell Malone/06 Dexter's Dex.m4a,0,1
/Music/Ray Brown/Ray Brownxyzyx Monty Alexander & Russell Malone/07 I Just Can't See for Looking.m4a,0,1
/Music/Ray Brown/Ray Brownxyzyx Monty Alexander & Russell Malone/08 One for Hamp.m4a,0,1
/Music/Ray Brown/Ray Brownxyzyx Monty Alexander & Russell Malone/09 Don't Go.m4a,0,1
/Music/Ray Brown/Ray Brownxyzyx Monty Alexander & Russell Malone/10 Look Who's Here.m4a,0,1
/Music/Ray Brown/Ray Brownxyzyx Monty Alexander & Russell Malone/11 You Can See.m4a,0,1
/Music/Abdullah Ibrahim/African Magic/01 Blue Bolero.aiff,0,1
/Music/Abdullah Ibrahim/African Magic/02 Third Samba.aiff,0,1
/Music/Abdullah Ibrahim/African Magic/03 Blue Bolero.aiff,0,1
/Music/Abdullah Ibrahim/African Magic/04 Blues For A Hip King.aiff,0,1
/Music/Abdullah Ibrahim/African Magic/05 District Six.aiff,0,1
/Music/Abdullah Ibrahim/African Magic/06 Tuang Guru.aiff,0,1
/Music/Abdullah Ibrahim/African Magic/07 Blue Bolero.aiff,0,1
/Music/Abdullah Ibrahim/African Magic/08 Joan - Cape Town Flower.aiff,0,1
/Music/Abdullah Ibrahim/African Magic/09 Pule.aiff,0,1
/Music/Abdullah Ibrahim/African Magic/10 The Stride.aiff,0,1
/Music/Abdullah Ibrahim/African Magic/11 Thaba Bhosigo.aiff,0,1
/Music/Abdullah Ibrahim/African Magic/12 The Mountain.aiff,0,1
/Music/Abdullah Ibrahim/African Magic/13 Machopi_Jabulani.aiff,0,1
/Music/Abdullah Ibrahim/African Magic/14 Black Lightning.aiff,0,1
/Music/Abdullah Ibrahim/African Magic/15 Duke.aiff,0,1
/Music/Abdullah Ibrahim/African Magic/16 Solitude.aiff,0,1
/Music/Abdullah Ibrahim/African Magic/17 Eleventh Hour.aiff,0,1
/Music/Abdullah Ibrahim/African Magic/18 Blue Bolero.aiff,0,1
/Music/Abdullah Ibrahim/African Magic/19 In A Sentimental Mood.aiff,0,1
/Music/Abdullah Ibrahim/African Magic/20 Moten Swing.aiff,0,1
/Music/Abdullah Ibrahim/African Magic/21 For Coltrane.aiff,0,1
/Music/Abdullah Ibrahim/African Magic/22 Whoza Mtwana.aiff,0,1
/Music/Abdullah Ibrahim/African Magic/23 Tsakwe_Royal Blue.aiff,0,1
/Music/Abdullah Ibrahim/African Magic/24 Blue Bolero.aiff,0,1
/Music/Abdullah Ibrahim/African Magic/Folder.jpg,0,1
/Music/Ahmad Jamal/The Essencexyzyx Pt. 1/01 Flight.m4a,0,1
/Music/Ahmad Jamal/The Essencexyzyx Pt. 1/02 Toulouse.m4a,0,1
/Music/Ahmad Jamal/The Essencexyzyx Pt. 1/03 The Essence.m4a,0,1
/Music/Ahmad Jamal/The Essencexyzyx Pt. 1/04 Lover Man.m4a,0,1
/Music/Ahmad Jamal/The Essencexyzyx Pt. 1/05 Catalina.m4a,0,1
/Music/Ahmad Jamal/The Essencexyzyx Pt. 1/06 Autumn Leaves.m4a,0,1
/Music/Ahmad Jamal/The Essencexyzyx Pt. 1/07 Street of Dreams.m4a,0,1
/Music/Ahmad Jamal/The Essencexyzyx Pt. 1/08 Bahia.m4a,0,1
/Music/Ahmad Jamal/Priceless Jazz/01 New Rhumba.m4a,0,1
/Music/Ahmad Jamal/Priceless Jazz/02 On Green Dolphin Street.m4a,0,1
/Music/Ahmad Jamal/Priceless Jazz/03 Poinciana.m4a,0,1
/Music/Ahmad Jamal/Priceless Jazz/04 The Best Thing for You.m4a,0,1
/Music/Ahmad Jamal/Priceless Jazz/05 Night Mist Blues.m4a,0,1
/Music/Ahmad Jamal/Priceless Jazz/06 Rain Check.m4a,0,1
/Music/Ahmad Jamal/Priceless Jazz/07 Effendi.m4a,0,1
/Music/Ahmad Jamal/Priceless Jazz/08 Concern.m4a,0,1
/Music/Ahmad Jamal/Priceless Jazz/09 Misty.m4a,0,1
/Music/Ahmad Jamal/Priceless Jazz/10 Whisper Not.m4a,0,1
/Music/Antonio Forcione/Ghetto Paradise/02 Alhambra.mp3,0,1
/Music/Art Pepper/Art Pepper Meets the Rhythm Section/01 You'd Be So Nice to Come Home To.m4a,0,1
/Music/Art Pepper/Art Pepper Meets the Rhythm Section/02 Red Pepper Blues.m4a,0,1
/Music/Art Pepper/Art Pepper Meets the Rhythm Section/03 Imagination.m4a,0,1
/Music/Art Pepper/Art Pepper Meets the Rhythm Section/04 Waltz Me Blues.m4a,0,1
/Music/Art Pepper/Art Pepper Meets the Rhythm Section/05 Straight Life.m4a,0,1
/Music/Art Pepper/Art Pepper Meets the Rhythm Section/06 Jazz Me Blues.m4a,0,1
/Music/Art Pepper/Art Pepper Meets the Rhythm Section/07 Tin Tin Deo.m4a,0,1
/Music/Art Pepper/Art Pepper Meets the Rhythm Section/08 Star Eyes.m4a,0,1
/Music/Art Pepper/Art Pepper Meets the Rhythm Section/09 Birks Works.m4a,0,1
/Music/Art Pepper/Art Pepper Meets the Rhythm Section/10 The Man I Love.m4a,0,1
/Music/Art Tatum/The Complete Pablo Group Masterpieces Volume 1/01 Blues in C.m4a,0,1
/Music/Art Tatum/The Complete Pablo Group Masterpieces Volume 1/02 Undecided.m4a,0,1
/Music/Art Tatum/The Complete Pablo Group Masterpieces Volume 1/03 Under a Blanket of Blue.m4a,0,1
/Music/Art Tatum/The Complete Pablo Group Masterpieces Volume 1/04 Blues in B Flat.m4a,0,1
/Music/Art Tatum/The Complete Pablo Group Masterpieces Volume 1/05 A Foggy Day.m4a,0,1
/Music/Art Tatum/The Complete Pablo Group Masterpieces Volume 1/06 Street of Dreams.m4a,0,1
/Music/Art Tatum/The Complete Pablo Group Masterpieces Volume 1/07 'S Wonderful.m4a,0,1
/Music/Art Tatum/The Complete Pablo Group Masterpieces Volume 1/08 Makin' Whoopee.m4a,0,1
/Music/Art Tatum/The Complete Pablo Group Masterpieces Volume 1/09 Old Fashioned Love.m4a,0,1
/Music/Art Tatum/The Complete Pablo Group Masterpieces Volume 1/10 (I'm Left With the) Blues in My Heart.m4a,0,1
/Music/Art Tatum/The Complete Pablo Group Masterpieces Volume 1/11 My Blue Heaven.m4a,0,1
/Music/Art Tatum/The Complete Pablo Group Masterpieces Volume 1/12 Hands Across the Table.m4a,0,1
/Music/Art Tatum/The Complete Pablo Group Masterpieces Volume 1/13 You're Mine_ You.m4a,0,1
/Music/Art Tatum/The Complete Pablo Group Masterpieces Volume 1/14 Idaho.m4a,0,1
/Music/Art Tatum/The Best of the Pablo Group Masterpieces/01 Perdido.m4a,0,1
/Music/Art Tatum/The Best of the Pablo Group Masterpieces/02 Memories of You.m4a,0,1
/Music/Art Tatum/The Best of the Pablo Group Masterpieces/03 You Took Advantage of Me.m4a,0,1
/Music/Art Tatum/The Best of the Pablo Group Masterpieces/04 All the Things You Are.m4a,0,1
/Music/Art Tatum/The Best of the Pablo Group Masterpieces/05 Body and Soul.m4a,0,1
/Music/Art Tatum/The Best of the Pablo Group Masterpieces/06 Under a Blanket of Blue.m4a,0,1
/Music/Art Tatum/The Best of the Pablo Group Masterpieces/07 The Moon Is Low.m4a,0,1
/Music/Art Tatum/The Best of the Pablo Group Masterpieces/08 Just One of Those Things.m4a,0,1
/Music/Art Tatum/The Best of the Pablo Group Masterpieces/09 Street of Dreams.m4a,0,1
/Music/Art Tatum/The Best of the Pablo Group Masterpieces/10 Somebody Loves Me.m4a,0,1
/Music/Art Tatum/The Best of the Pablo Group Masterpieces/11 My Ideal.m4a,0,1
/Music/Art Tatum/The Best of the Pablo Group Masterpieces/12 Deep Night.m4a,0,1
/Music/Arthur Blythe; Bill Frisell; Joey Baron; Ron Carter/We'll Soon Find Out/01 Slow Charleston.aiff,0,1
/Music/Arthur Blythe; Bill Frisell; Joey Baron; Ron Carter/We'll Soon Find Out/02 Closer Than You Think.aiff,0,1
/Music/Arthur Blythe; Bill Frisell; Joey Baron; Ron Carter/We'll Soon Find Out/03 Junior.aiff,0,1
/Music/Arthur Blythe; Bill Frisell; Joey Baron; Ron Carter/We'll Soon Find Out/04 Time to Cry.aiff,0,1
/Music/Arthur Blythe; Bill Frisell; Joey Baron; Ron Carter/We'll Soon Find Out/05 Wisely.aiff,0,1
/Music/Arthur Blythe; Bill Frisell; Joey Baron; Ron Carter/We'll Soon Find Out/06 Bit O' Water.aiff,0,1
/Music/Arthur Blythe; Bill Frisell; Joey Baron; Ron Carter/We'll Soon Find Out/07 M.aiff,0,1
/Music/Arthur Blythe; Bill Frisell; Joey Baron; Ron Carter/We'll Soon Find Out/08 Equaled.aiff,0,1
/Music/Arthur Blythe; Bill Frisell; Joey Baron; Ron Carter/We'll Soon Find Out/09 Contact.aiff,0,1
/Music/Bill Evansxyzyx Eddie Gomezxyzyx Jack Dejohnette/Live at Hilversum 1968/01 You_re Gonna Hear From Me.aiff,0,1
/Music/Bill Evansxyzyx Eddie Gomezxyzyx Jack Dejohnette/Live at Hilversum 1968/02 Very Early.aiff,0,1
/Music/Bill Evansxyzyx Eddie Gomezxyzyx Jack Dejohnette/Live at Hilversum 1968/03 Who Can I Turn To.aiff,0,1
/Music/Bill Evansxyzyx Eddie Gomezxyzyx Jack Dejohnette/Live at Hilversum 1968/04 Nardis.aiff,0,1
/Music/Bill Evansxyzyx Eddie Gomezxyzyx Jack Dejohnette/Live at Hilversum 1968/05 Embraceable You.aiff,0,1
/Music/Bill Evansxyzyx Eddie Gomezxyzyx Jack Dejohnette/Live at Hilversum 1968/06 Emily.aiff,0,1
/Music/Bill Evansxyzyx Eddie Gomezxyzyx Jack Dejohnette/Live at Hilversum 1968/07 Alfie.aiff,0,1
/Music/Bill Evansxyzyx Eddie Gomezxyzyx Jack Dejohnette/Live at Hilversum 1968/08 Turn Out The Stars.aiff,0,1
/Music/Bill Evansxyzyx Eddie Gomezxyzyx Jack Dejohnette/Live at Hilversum 1968/09 Five.aiff,0,1
/Music/Brian Bromberg/Wood/01 The Saga Of Harrison Crabfeathers.m4a,0,1
/Music/Brian Bromberg/Wood/02 Dolphin Dance.m4a,0,1
/Music/Brian Bromberg/Wood/03 Come Together.m4a,0,1
/Music/Brian Bromberg/Wood/04 Goodbye (For My Father).m4a,0,1
/Music/Brian Bromberg/Wood/05 Speak Low.m4a,0,1
/Music/Brian Bromberg/Wood/06 Freedom Jazz Dance.m4a,0,1
/Music/Brian Bromberg/Wood/07 I Love You.m4a,0,1
/Music/Brian Bromberg/Wood/08 Straightxyzyx No Chaser.m4a,0,1
/Music/Brian Bromberg/Wood/09 All Blues.m4a,0,1
/Music/Brian Bromberg/Wood/10 The Days of Wine and Roses.m4a,0,1
/Music/Brian Bromberg/Wood/11 Star Spangled Banner.m4a,0,1
/Music/Brian Bromberg/Wood II/01 Caravan.m4a,0,1
/Music/Brian Bromberg/Wood II/02 Bolivia.m4a,0,1
/Music/Brian Bromberg/Wood II/03 Blue Bossa [Solo Bass].m4a,0,1
/Music/Brian Bromberg/Wood II/04 Witch Hunt.m4a,0,1
/Music/Brian Bromberg/Wood II/05 A Love Affair.m4a,0,1
/Music/Brian Bromberg/Wood II/06 Butterfly.m4a,0,1
/Music/Brian Bromberg/Wood II/07 Shining Star [Solo Bass].m4a,0,1
/Music/Brian Bromberg/Wood II/08 I'll Remember April.m4a,0,1
/Music/Brian Bromberg/Wood II/09 Pensativa.m4a,0,1
/Music/Brian Bromberg/Wood II/10 Carry on Wayward Son [Solo Bass].m4a,0,1
/Music/Brian Bromberg/Wood II/11 Four Brothers.m4a,0,1
/Music/Brian Bromberg/Wood II/12 Let 'Em In.m4a,0,1
/Music/Cal Tjader/La Onda Va Bien/01 Speak Low.aiff,0,1
/Music/Cal Tjader/La Onda Va Bien/02 Serengeti.aiff,0,1
/Music/Cal Tjader/La Onda Va Bien/03 Star Eyes.aiff,0,1
/Music/Cal Tjader/La Onda Va Bien/04 Mambo Mindoro.aiff,0,1
/Music/Cal Tjader/La Onda Va Bien/05 Aleluia.aiff,0,1
/Music/Cal Tjader/La Onda Va Bien/06 I Remember You.aiff,0,1
/Music/Cal Tjader/La Onda Va Bien/07 Linda Chicana.aiff,0,1
/Music/Cal Tjader/La Onda Va Bien/08 Sabor.aiff,0,1
/Music/Cal Tjader/La Onda Va Bien/Folder.jpg,0,1
/Music/The Cal Tjader & Stan Getz Sextet/Stan Getz With Cal Tjader Sextet/01 Ginza Samba.m4a,0,1
/Music/The Cal Tjader & Stan Getz Sextet/Stan Getz With Cal Tjader Sextet/02 I've Grown Accustomed To Her Face.m4a,0,1
/Music/The Cal Tjader & Stan Getz Sextet/Stan Getz With Cal Tjader Sextet/03 For All We Know.m4a,0,1
/Music/The Cal Tjader & Stan Getz Sextet/Stan Getz With Cal Tjader Sextet/04 Crow's Nest.m4a,0,1
/Music/The Cal Tjader & Stan Getz Sextet/Stan Getz With Cal Tjader Sextet/05 Liz Anne.m4a,0,1
/Music/The Cal Tjader & Stan Getz Sextet/Stan Getz With Cal Tjader Sextet/06 Big Bear.m4a,0,1
/Music/The Cal Tjader & Stan Getz Sextet/Stan Getz With Cal Tjader Sextet/07 My Buddy.m4a,0,1
/Music/Chet Baker/Chet/1-01 Alone Together.m4a,0,0
/Music/Chet Baker/Chet/1-02 How High The Moon.m4a,0,0
/Music/Chet Baker/Chet/1-03 It Never Entered My Mind.m4a,0,0
/Music/Chet Baker/Chet/1-04 'Tis Autumn.m4a,0,0
/Music/Chet Baker/Chet/1-05 If You Could See Me Now.m4a,0,0
/Music/Chet Baker/Chet/1-06 September Song.m4a,0,0
/Music/Chet Baker/Chet/1-07 You'd Be So Nice To Come Home To.m4a,0,0
/Music/Chet Baker/Chet/1-08 Time On My Hands.m4a,0,0
/Music/Chet Baker/Chet/1-09 You And The Night And The Music.m4a,0,0
/Music/Dave Brubeck (piano)xyzyx Paul Desmond (saxophone)xyzyx Eugene Wright (bass)xyzyx Joe Morello (drums)/Live at the Kurhaus 1967/01 Three to Get Ready.aiff,0,1
/Music/Dave Brubeck (piano)xyzyx Paul Desmond (saxophone)xyzyx Eugene Wright (bass)xyzyx Joe Morello (drums)/Live at the Kurhaus 1967/02 La Paloma Azul.aiff,0,1
/Music/Dave Brubeck (piano)xyzyx Paul Desmond (saxophone)xyzyx Eugene Wright (bass)xyzyx Joe Morello (drums)/Live at the Kurhaus 1967/03 Cielito Lindo.aiff,0,1
/Music/Dave Brubeck (piano)xyzyx Paul Desmond (saxophone)xyzyx Eugene Wright (bass)xyzyx Joe Morello (drums)/Live at the Kurhaus 1967/04 Swanee River.aiff,0,1
/Music/Dave Brubeck (piano)xyzyx Paul Desmond (saxophone)xyzyx Eugene Wright (bass)xyzyx Joe Morello (drums)/Live at the Kurhaus 1967/05 Forty Days.aiff,0,1
/Music/Dave Brubeck (piano)xyzyx Paul Desmond (saxophone)xyzyx Eugene Wright (bass)xyzyx Joe Morello (drums)/Live at the Kurhaus 1967/06 Blues for Joe.aiff,0,1
/Music/Dave Brubeck (piano)xyzyx Paul Desmond (saxophone)xyzyx Eugene Wright (bass)xyzyx Joe Morello (drums)/Live at the Kurhaus 1967/07 Rude Old Man.aiff,0,1
/Music/Dave Brubeck (piano)xyzyx Paul Desmond (saxophone)xyzyx Eugene Wright (bass)xyzyx Joe Morello (drums)/Live at the Kurhaus 1967/08 Take Five.aiff,0,1
/Music/Dave Brubeck (piano)xyzyx Paul Desmond (saxophone)xyzyx Eugene Wright (bass)xyzyx Joe Morello (drums)/Live at the Kurhaus 1967/09 Someday My Prince Will Come.aiff,0,1
/Music/Dave Grusin/An Evening with Dave Grusin/01 Fratelli Chase.aiff,0,0
/Music/Dave Grusin/An Evening with Dave Grusin/02 Moon River - Soloist - Monica Mancini.aiff,0,0
/Music/Dave Grusin/An Evening with Dave Grusin/03 On Golden Pond - Hornpipe Medley.aiff,0,0
/Music/Dave Grusin/An Evening with Dave Grusin/04 Intro - Patti Austin.aiff,0,0
/Music/Dave Grusin/An Evening with Dave Grusin/05 Makin' Whoopee - Soloist - Patti Austin.aiff,0,0
/Music/Dave Grusin/An Evening with Dave Grusin/06 Porgy & Bess Medley.aiff,0,0
/Music/Dave Grusin/An Evening with Dave Grusin/07 Cool - Soloist - Gary Burton.aiff,0,0
/Music/Dave Grusin/An Evening with Dave Grusin/08 Somewhere - Soloist - Jon Secada & Patti Austin.aiff,0,0
/Music/Dave Grusin/An Evening with Dave Grusin/09 Suite From The Milagro Beanfield War.aiff,0,0
/Music/Dave Grusin/An Evening with Dave Grusin/10 Intro - Jon Secada.aiff,0,0
/Music/Dave Grusin/An Evening with Dave Grusin/11 Maria.aiff,0,0
/Music/Dave Grusin/An Evening with Dave Grusin/12 I Feel Pretty - Soloist_ Nestor Torres.aiff,0,0
/Music/Dave Grusin/An Evening with Dave Grusin/13 Peter Gunn - Soloist - Gary Burton.aiff,0,0
/Music/Dave Grusin/An Evening with Dave Grusin/14 Memphis Stomp.aiff,0,0
/Music/David Benoit/Freedom At Midnight/03 Kei's Song.m4a,0,1
/Music/Earl Hines/The Blues/01 I_ve Got the World on a String.m4a,0,1
/Music/Earl Hines/The Blues/02 Over the Rainbow.m4a,0,1
/Music/Earl Hines/The Blues/03 Between the Devil and the Deep Blue Sea.m4a,0,1
/Music/Earl Hines/The Blues/04 Come Rain or Come Shine.m4a,0,1
/Music/Earl Hines/The Blues/05 My Shining Hour.m4a,0,1
/Music/Earl Hines/The Blues/06 As Long as I Live.m4a,0,1
/Music/Rabih Abou-Khalil/Arabian Waltz/01 Rabih Abou-Khalil - Arabian Waltz.m4a,0,1
/Music/Rabih Abou-Khalil/Arabian Waltz/02 Rabih Abou-Khalil - Dreams Of A Dying City.m4a,0,1
/Music/Rabih Abou-Khalil/Arabian Waltz/03 Rabih Abou-Khalil - Ornette Never Sleeps.m4a,0,1
/Music/Rabih Abou-Khalil/Arabian Waltz/04 Rabih Abou-Khalil - Georgina.m4a,0,1
/Music/Rabih Abou-Khalil/Arabian Waltz/05 Rabih Abou-Khalil - No Visa.m4a,0,1
/Music/Rabih Abou-Khalil/Arabian Waltz/06 Rabih Abou-Khalil - The Pain After.m4a,0,1
/Music/Rabih Abou-Khalil/Blue Camel/01 Sahara.m4a,0,1
/Music/Rabih Abou-Khalil/Blue Camel/02 Tsarka.m4a,0,1
/Music/Rabih Abou-Khalil/Blue Camel/03 Ziriab.m4a,0,1
/Music/Rabih Abou-Khalil/Blue Camel/04 Blue Camel.m4a,0,1
/Music/Rabih Abou-Khalil/Blue Camel/05 On Time.m4a,0,1
/Music/Rabih Abou-Khalil/Blue Camel/06 A Night in the Mountains.m4a,0,1
/Music/Rabih Abou-Khalil/Blue Camel/07 Rabou-Abou-Kabou.m4a,0,1
/Music/Rabih Abou-Khalil/Blue Camel/08 Beirut.m4a,0,1
/Music/Rabih Abou-Khalil/Odd Times/01 Rabih Abou-Khalil - The Sphinx And I.m4a,0,1
/Music/Rabih Abou-Khalil/Odd Times/02 Rabih Abou-Khalil - Dr. Gieler's Prescription.m4a,0,1
/Music/Rabih Abou-Khalil/Odd Times/03 Rabih Abou-Khalil - Elephant Hips.m4a,0,1
/Music/Rabih Abou-Khalil/Odd Times/04 Rabih Abou-Khalil - Q-Tips.m4a,0,1
/Music/Rabih Abou-Khalil/Odd Times/05 Rabih Abou-Khalil - Son Of Ben Hur.m4a,0,1
/Music/Rabih Abou-Khalil/Odd Times/06 Rabih Abou-Khalil - The Happy Sheik.m4a,0,1
/Music/Rabih Abou-Khalil/Odd Times/07 Rabih Abou-Khalil - One Of Those Days.m4a,0,1
/Music/Rabih Abou-Khalil/Odd Times/08 Rabih Abou-Khalil - Rabou-Abou-Kabou.m4a,0,1
/Music/Rabih Abou-Khalil/Sultan's Picnic/01 Sunrise In Montreal.m4a,0,1
/Music/Rabih Abou-Khalil/Sultan's Picnic/02 Solitude.m4a,0,1
/Music/Rabih Abou-Khalil/Sultan's Picnic/03 Dog River.m4a,0,1
/Music/Rabih Abou-Khalil/Sultan's Picnic/04 Moments.m4a,0,1
/Music/Rabih Abou-Khalil/Sultan's Picnic/05 Lamentation.m4a,0,1
/Music/Rabih Abou-Khalil/Sultan's Picnic/06 Nocturne Au Villaret.m4a,0,1
/Music/Rabih Abou-Khalil/Sultan's Picnic/07 The Happy Sheik.m4a,0,1
/Music/Rabih Abou-Khalil/Sultan's Picnic/08 Snake Soup.m4a,0,1
/Music/Rabih Abou-Khalil/The Cactus Of Knowledge/01 The Lewinsky March.m4a,0,1
/Music/Rabih Abou-Khalil/The Cactus Of Knowledge/02 Business As Usual.m4a,0,1
/Music/Rabih Abou-Khalil/The Cactus Of Knowledge/03 Fraises et Crème Fraiche.m4a,0,1
/Music/Rabih Abou-Khalil/The Cactus Of Knowledge/04 Got To Go Home.m4a,0,1
/Music/Rabih Abou-Khalil/The Cactus Of Knowledge/05 Oum Saïd.m4a,0,1
/Music/Rabih Abou-Khalil/The Cactus Of Knowledge/06 Maltese Chicken Farm.m4a,0,1
/Music/Rabih Abou-Khalil/The Cactus Of Knowledge/07 Ma Muse M'amuse.m4a,0,1
/Music/Rabih Abou-Khalil/The Cactus Of Knowledge/08 Pont Neuf.m4a,0,1
/Music/Rabih Abou-Khalil/Yara/01 Requiem.m4a,0,1
/Music/Rabih Abou-Khalil/Yara/02 Rabih Abou-Khalil - Imminent Journey.m4a,0,1
/Music/Rabih Abou-Khalil/Yara/03 Rabih Abou-Khalil - A Gracious Man.m4a,0,1
/Music/Rabih Abou-Khalil/Yara/04 Rabih Abou-Khalil - On A Bus.m4a,0,1
/Music/Rabih Abou-Khalil/Yara/05 Grateful Parting.m4a,0,1
/Music/Rabih Abou-Khalil/Yara/06 The Passage Of Life.m4a,0,1
/Music/Rabih Abou-Khalil/Yara/07 Rabih Abou-Khalil - Through The Window.m4a,0,1
/Music/Rabih Abou-Khalil/Yara/08 Lithe Dream.m4a,0,1
/Music/Rabih Abou-Khalil/Yara/09 Puppet Master.m4a,0,1
/Music/Rabih Abou-Khalil/Yara/10 Bint El Bahr.m4a,0,1
/Music/Rabih Abou-Khalil/Yara/11 The End Of Faith.m4a,0,1
/Music/Rabih Abou-Khalil/Yara/12 Rabih Abou-Khalil - The Knowledge Of A Child.m4a,0,1
/Music/Compilations/Mostly Piano (Audiophile Edition SEA)/1-01 Fire and Rain (Mostly Piano).m4a,0,0
/Music/Compilations/Mostly Piano (Audiophile Edition SEA)/1-02 Little Brother (Mostly Piano).m4a,0,0
/Music/Compilations/Mostly Piano (Audiophile Edition SEA)/1-03 Finding The Way Out (Mostly Piano).m4a,0,0
/Music/Compilations/Mostly Piano (Audiophile Edition SEA)/1-04 We Kiss In A Shadow (Mostly Piano).m4a,0,0
/Music/Compilations/Mostly Piano (Audiophile Edition SEA)/1-05 Mother (Mostly Piano).m4a,0,0
/Music/Compilations/Mostly Piano (Audiophile Edition SEA)/1-06 La baie du Murlough (Mostly Piano).m4a,0,0
/Music/Compilations/Mostly Piano (Audiophile Edition SEA)/1-07 The Solo Tango (Mostly Piano).m4a,0,0
/Music/Compilations/Mostly Piano (Audiophile Edition SEA)/1-08 Still (Mostly Piano).m4a,0,0
/Music/Compilations/Mostly Piano (Audiophile Edition SEA)/1-09 You Are My Sunshine (Mostly Piano).m4a,0,0
/Music/Compilations/Mostly Piano (Audiophile Edition SEA)/1-10 Ashokan Farewell (Mostly Piano).m4a,0,0
/Music/Compilations/Mostly Piano (Audiophile Edition SEA)/1-11 Improv (Mostly Piano).m4a,0,0
/Music/Compilations/Narada Decade_ The Anniversary Collectionxyzyx Disc 1/1-01 Cristofori's Dream.m4a,0,0
/Music/Compilations/Narada Decade_ The Anniversary Collectionxyzyx Disc 1/1-06 Girl from Barcelona.m4a,0,0
/Music/Al Di Meolaxyzyx John McLaughlinxyzyx Paco de Lucía/Friday Night In San Francisco (Live)/1-01 Mediterranean Sundance _ Rio Ancho (Live at Warfield Theatrexyzyx San Franciscoxyzyx CA - December 1980).m4a,0,1
/Music/Al Di Meolaxyzyx John McLaughlinxyzyx Paco de Lucía/Friday Night In San Francisco (Live)/1-02 Short Tales of the Black Forest (Live at Warfield Theatrexyzyx San Franciscoxyzyx CA - December 1980).m4a,0,1
/Music/Al Di Meolaxyzyx John McLaughlinxyzyx Paco de Lucía/Friday Night In San Francisco (Live)/1-03 Frevo Rasgado (Live at Warfield Theatrexyzyx San Franciscoxyzyx CA - December 1980).m4a,0,1
/Music/Al Di Meolaxyzyx John McLaughlinxyzyx Paco de Lucía/Friday Night In San Francisco (Live)/1-04 Fantasia Suite (Live at Warfield Theatrexyzyx San Franciscoxyzyx CA - December 1980).m4a,0,1
/Music/Al Di Meolaxyzyx John McLaughlinxyzyx Paco de Lucía/Friday Night In San Francisco (Live)/1-05 Guardian Angel (Live at Warfield Theatrexyzyx San Franciscoxyzyx CA - December 1980).m4a,0,1
/Music/Al Di Meolaxyzyx John McLaughlinxyzyx Paco de Lucía/Saturday Night in San Francisco (Expanded Edition) (Live)/1-01 Bill Graham Introduction (Live at Warfield Theaterxyzyx San Franciscoxyzyx CA - December 6xyzyx 1980).m4a,0,1
/Music/Al Di Meolaxyzyx John McLaughlinxyzyx Paco de Lucía/Saturday Night in San Francisco (Expanded Edition) (Live)/1-02 Splendido Sundance (Live at Warfield Theaterxyzyx San Franciscoxyzyx CA - December 6xyzyx 1980).m4a,0,1
/Music/Al Di Meolaxyzyx John McLaughlinxyzyx Paco de Lucía/Saturday Night in San Francisco (Expanded Edition) (Live)/1-03 One Word (Live at Warfield Theaterxyzyx San Franciscoxyzyx CA - December 6xyzyx 1980).m4a,0,1
/Music/Al Di Meolaxyzyx John McLaughlinxyzyx Paco de Lucía/Saturday Night in San Francisco (Expanded Edition) (Live)/1-04 Trilogy Suite (Live at Warfield Theaterxyzyx San Franciscoxyzyx CA - December 6xyzyx 1980).m4a,0,1
/Music/Al Di Meolaxyzyx John McLaughlinxyzyx Paco de Lucía/Saturday Night in San Francisco (Expanded Edition) (Live)/1-05 Monasterio de Sal (Live at Warfield Theaterxyzyx San Franciscoxyzyx CA - December 6xyzyx 1980).m4a,0,1
/Music/Al Di Meolaxyzyx John McLaughlinxyzyx Paco de Lucía/Saturday Night in San Francisco (Expanded Edition) (Live)/1-06 El Pañuelo (Live at Warfield Theaterxyzyx San Franciscoxyzyx CA - December 6xyzyx 1980).m4a,0,1
/Music/Al Di Meolaxyzyx John McLaughlinxyzyx Paco de Lucía/Saturday Night in San Francisco (Expanded Edition) (Live)/1-07 Meeting of the Spirits (Live at Warfield Theaterxyzyx San Franciscoxyzyx CA - December 6xyzyx 1980).m4a,0,1
/Music/Al Di Meolaxyzyx John McLaughlinxyzyx Paco de Lucía/Saturday Night in San Francisco (Expanded Edition) (Live)/1-08 Soniquete (Live at Warfield Theaterxyzyx San Franciscoxyzyx CA - December 6xyzyx 1980).m4a,0,1
